<?xml version="1.0" encoding="UTF-8"?>
<beans xmlns="http://www.springframework.org/schema/beans"
       xmlns:xsi="http://www.w3.org/2001/XMLSchema-instance"
       xmlns:mybatis-spring="http://mybatis.org/schema/mybatis-spring"
       xsi:schemaLocation="http://mybatis.org/schema/mybatis-spring http://mybatis.org/schema/mybatis-spring-1.2.xsd http://www.springframework.org/schema/beans https://www.springframework.org/schema/beans/spring-beans.xsd">

    <!-- CP : HikariCP -->
    <bean id="hikariConfig" class="com.zaxxer.hikari.HikariConfig">
        <property name="driverClassName" value="com.mysql.cj.jdbc.Driver"/>
        <property name="jdbcUrl" value="jdbc:mysql://localhost:3306/ai"/>
        <property name="username" value="root"/>
        <property name="password" value="12345"/>
    </bean>

    <!-- Hikari 데이터 소스 -->
    <bean id="hikariDataSource" class="com.zaxxer.hikari.HikariDataSource" destroy-method="close">
        <constructor-arg ref="hikariConfig"/>
    </bean>

    <!-- mapper.xml 찾기 -->
    <bean class="org.mybatis.spring.SqlSessionFactoryBean">
        <property name="dataSource" ref="hikariDataSource"/>
        <property name="mapperLocations" value="classpath:mybatis-config/mapper/**.xml"/>
    </bean>

    <mybatis-spring:scan base-package="org.example.repersitoty"/>

</beans>