<?xml version="1.0" encoding="UTF-8" ?>
<!DOCTYPE mapper
        PUBLIC "-//mybatis.org//DTD Mapper 3.0//EN"
        "https://mybatis.org/dtd/mybatis-3-mapper.dtd">
<mapper namespace="org.example.repersitoty.BoardMapper">
    <select id="boardList" resultType="org.example.entity.Board">
        select * from board
    </select>

    <insert id="boardInsert" parameterType="org.example.entity.Board">
        INSERT INTO BOARD(title, content, writer)
        VALUES ( #{title}, #{content}, #{writer} )
    </insert>

    <delete id="boardDelete" parameterType="org.example.entity.Board">
        DELETE FROM BOARD
        WHERE NUM = #{num}
    </delete>

    <select id="getByNum" resultType="org.example.entity.Board">
        SELECT *
        FROM BOARD
        WHERE NUM = #{num}
    </select>

    <update id="boardUpdate" parameterType="org.example.entity.Board">
        UPDATE BOARD
        SET TITLE = #{title}
            , CONTENT = #{content}
        WHERE NUM = #{num}
    </update>

</mapper>